[
	{ "country": "Afghanistan", "iso": "AF", "slug": "afghanistan" },
	{ "country": "Aland Islands", "iso": "AX", "slug": "aland-islands" },
	{ "country": "Albania", "iso": "AL", "slug": "albania" },
	{ "country": "Algeria", "iso": "DZ", "slug": "algeria" },
	{ "country": "American Samoa", "iso": "AS", "slug": "american-samoa" },
	{ "country": "Andorra", "iso": "AD", "slug": "andorra" },
	{ "country": "Angola", "iso": "AO", "slug": "angola" },
	{ "country": "Anguilla", "iso": "AI", "slug": "anguilla" },
	{ "country": "Antarctica", "iso": "AQ", "slug": "antarctica" },
	{ "country": "Antigua and Barbuda", "iso": "AG", "slug": "antigua-and-barbuda" },
	{ "country": "Argentina", "iso": "AR", "slug": "argentina" },
	{ "country": "Armenia", "iso": "AM", "slug": "armenia" },
	{ "country": "Aruba", "iso": "AW", "slug": "aruba" },
	{ "country": "Australia", "iso": "AU", "slug": "australia" },
	{ "country": "Austria", "iso": "AT", "slug": "austria" },
	{ "country": "Azerbaijan", "iso": "AZ", "slug": "azerbaijan" },
	{ "country": "Bahamas", "iso": "BS", "slug": "bahamas" },
	{ "country": "Bahrain", "iso": "BH", "slug": "bahrain" },
	{ "country": "Bangladesh", "iso": "BD", "slug": "bangladesh" },
	{ "country": "Barbados", "iso": "BB", "slug": "barbados" },
	{ "country": "Belarus", "iso": "BY", "slug": "belarus" },
	{ "country": "Belgium", "iso": "BE", "slug": "belgium" },
	{ "country": "Belize", "iso": "BZ", "slug": "belize" },
	{ "country": "Benin", "iso": "BJ", "slug": "benin" },
	{ "country": "Bermuda", "iso": "BM", "slug": "bermuda" },
	{ "country": "Bhutan", "iso": "BT", "slug": "bhutan" },
	{ "country": "Bolivia", "iso": "BO", "slug": "bolivia" },
	{ "country": "Bosnia and Herzegovina", "iso": "BA", "slug": "bosnia-herzegovina" },
	{ "country": "Botswana", "iso": "BW", "slug": "botswana" },
	{ "country": "Bouvet Island", "iso": "BV", "slug": "bouvet-island" },
	{ "country": "Brazil", "iso": "BR", "slug": "brazil" },
	{ "country": "British Indian Ocean Territory", "iso": "IO", "slug": "british-indian-ocean-territory" },
	{ "country": "Brunei Darussalam", "iso": "BN", "slug": "brunei" },
	{ "country": "Bulgaria", "iso": "BG", "slug": "bulgaria" },
	{ "country": "Burkina Faso", "iso": "BF", "slug": "burkina-faso" },
	{ "country": "Burundi", "iso": "BI", "slug": "burundi" },
	{ "country": "Cambodia", "iso": "KH", "slug": "cambodia" },
	{ "country": "Cameroon", "iso": "CM", "slug": "cameroon" },
	{ "country": "Canada", "iso": "CA", "slug": "canada" },
	{ "country": "Cape Verde", "iso": "CV", "slug": "cape-verde" },
	{ "country": "Cayman Islands", "iso": "KY", "slug": "cayman-islands" },
	{ "country": "Central African Republic", "iso": "CF", "slug": "central-african-republic" },
	{ "country": "Chad", "iso": "TD", "slug": "chad" },
	{ "country": "Chile", "iso": "CL", "slug": "chile" },
	{ "country": "China", "iso": "CN", "slug": "china" },
	{ "country": "Christmas Island", "iso": "CX", "slug": "christmas-island" },
	{ "country": "Cocos (Keeling) Islands", "iso": "CC", "slug": "cocos-islands" },
	{ "country": "Colombia", "iso": "CO", "slug": "colombia" },
	{ "country": "Comoros", "iso": "KM", "slug": "comoros" },
	{ "country": "Congo", "iso": "CG", "slug": "congo" },
	{ "country": "Congo, the Democratic Republic of the", "iso": "CD", "slug": "congo-democratic-republic" },
	{ "country": "Cook Islands", "iso": "CK", "slug": "cook-islands" },
	{ "country": "Costa Rica", "iso": "CR", "slug": "costa-rica" },
	{ "country": "Côte D'Ivoire", "iso": "CI", "slug": "cote-divoire" },
	{ "country": "Croatia", "iso": "HR", "slug": "croatia" },
	{ "country": "Cuba", "iso": "CU", "slug": "cuba" },
	{ "country": "Cyprus", "iso": "CY", "slug": "cyprus" },
	{ "country": "Czech Republic", "iso": "CZ", "slug": "czech-republic" },
	{ "country": "Denmark", "iso": "DK", "slug": "denmark" },
	{ "country": "Djibouti", "iso": "DJ", "slug": "djibouti" },
	{ "country": "Dominica", "iso": "DM", "slug": "dominica" },
	{ "country": "Dominican Republic", "iso": "DO", "slug": "dominican-republic" },
	{ "country": "Ecuador", "iso": "EC", "slug": "ecuador" },
	{ "country": "Egypt", "iso": "EG", "slug": "egypt" },
	{ "country": "El Salvador", "iso": "SV", "slug": "el-salvador" },
	{ "country": "Equatorial Guinea", "iso": "GQ", "slug": "equatorial-guinea" },
	{ "country": "Eritrea", "iso": "ER", "slug": "eritrea" },
	{ "country": "Estonia", "iso": "EE", "slug": "estonia" },
	{ "country": "Ethiopia", "iso": "ET", "slug": "ethiopia" },
	{ "country": "Falkland Islands (Malvinas)", "iso": "FK", "slug": "falkland-islands-malvinas" },
	{ "country": "Faroe Islands", "iso": "FO", "slug": "faroe-islands" },
	{ "country": "Fiji", "iso": "FJ", "slug": "fiji" },
	{ "country": "Finland", "iso": "FI", "slug": "finland" },
	{ "country": "France", "iso": "FR", "slug": "france" },
	{ "country": "French Guiana", "iso": "GF", "slug": "french-guiana" },
	{ "country": "French Polynesia", "iso": "PF", "slug": "french-polynesia" },
	{ "country": "French Southern Territories", "iso": "TF", "slug": "french-southern-territories" },
	{ "country": "Gabon", "iso": "GA", "slug": "gabon" },
	{ "country": "Gambia", "iso": "GM", "slug": "gambia" },
	{ "country": "Georgia", "iso": "GE", "slug": "georgia" },
	{ "country": "Germany", "iso": "DE", "slug": "germany" },
	{ "country": "Ghana", "iso": "GH", "slug": "ghana" },
	{ "country": "Gibraltar", "slug": "GI", "slug": "gibraltar" },
	{ "country": "Greece", "slug": "GR", "slug": "greece" },
	{ "country": "Greenland", "iso": "GL", "slug": "greenland" },
	{ "country": "Grenada", "iso": "GD", "slug": "grenada" },
	{ "country": "Guadeloupe", "iso": "GP", "slug": "guadeloupe" },
	{ "country": "Guam", "iso": "GU", "slug": "guam" },
	{ "country": "Guatemala", "iso": "GT", "slug": "guatemala" },
	{ "country": "Guernsey", "iso": "GG", "slug": "guernsey" },
	{ "country": "Guinea", "iso": "GN", "slug": "guinea" },
	{ "country": "Guinea-Bissau", "iso": "GW", "slug": "guinea-bissau" },
	{ "country": "Guyana", "iso": "GY", "slug": "guyana" },
	{ "country": "Haiti", "iso": "HT", "slug": "haiti" },
	{ "country": "Heard Island and Mcdonald Islands", "iso": "HM", "slug": "heard-island-and-mcdonald-islands" },
	{ "country": "Holy See (Vatican City State)", "iso": "VA", "slug": "vatican" },
	{ "country": "Honduras", "iso": "HN", "slug": "honduras" },
	{ "country": "Hong Kong", "iso": "HK", "slug": "hong-kong" },
	{ "country": "Hungary", "iso": "HU", "slug": "hungary" },
	{ "country": "Iceland", "iso": "IS", "slug": "iceland" },
	{ "country": "India", "iso": "IN", "slug": "india" },
	{ "country": "Indonesia", "iso": "ID", "slug": "indonesia" },
	{ "country": "Iran, Islamic Republic of", "iso": "IR", "slug": "iran" },
	{ "country": "Iraq", "iso": "IQ", "slug": "iraq" },
	{ "country": "Ireland", "iso": "IE", "slug": "ireland" },
	{ "country": "Isle of Man", "iso": "IM", "slug": "isle-of-man" },
	{ "country": "Israel", "iso": "IL", "slug": "israel" },
	{ "country": "Italy", "iso": "IT", "slug": "italy" },
	{ "country": "Jamaica", "iso": "JM", "slug": "jamaica" },
	{ "country": "Japan", "iso": "JP", "slug": "japan" },
	{ "country": "Jersey", "iso": "JE", "slug": "jersey" },
	{ "country": "Jordan", "iso": "JO", "slug": "jordan" },
	{ "country": "Kazakhstan", "iso": "KZ", "slug": "kazakhstan" },
	{ "country": "Kenya", "iso": "KE", "slug": "kenya" },
	{ "country": "Kiribati", "iso": "KI", "slug": "kiribati" },
	{ "country": "Korea, Republic of", "iso": "KR", "slug": "korea" },
	{ "country": "Kuwait", "iso": "KW", "slug": "kuwait" },
	{ "country": "Kyrgyzstan", "iso": "KG", "slug": "kyrgyzstan" },
	{ "country": "Lao People's Democratic Republic", "iso": "LA", "slug": "Laos" },
	{ "country": "Latvia", "iso": "LV", "slug": "latvia" },
	{ "country": "Lebanon", "iso": "LB", "slug": "lebanon" },
	{ "country": "Lesotho", "iso": "LS", "slug": "lesotho" },
	{ "country": "Liberia", "iso": "LR", "slug": "liberia" },
	{ "country": "Libya", "iso": "LY", "slug": "libya" },
	{ "country": "Liechtenstein", "iso": "LI", "slug": "liechtenstein" },
	{ "country": "Lithuania", "iso": "LT", "slug": "lithuania" },
	{ "country": "Luxembourg", "iso": "LU", "slug": "luxembourg" },
	{ "country": "Macao", "iso": "MO", "slug": "macao" },
	{ "country": "Macedonia", "iso": "MK", "slug": "macedonia" },
	{ "country": "Madagascar", "iso": "MG", "slug": "madagascar" },
	{ "country": "Malawi", "iso": "MW", "slug": "malawi" },
	{ "country": "Malaysia", "iso": "MY", "slug": "malaysia" },
	{ "country": "Maldives", "iso": "MV", "slug": "maldives" },
	{ "country": "Mali", "iso": "ML", "slug": "mali" },
	{ "country": "Malta", "iso": "MT", "slug": "malta" },
	{ "country": "Marshall Islands", "iso": "MH", "slug": "marshall-islands" },
	{ "country": "Martinique", "iso": "MQ", "slug": "martinique" },
	{ "country": "Mauritania", "iso": "MR", "slug": "mauritania" },
	{ "country": "Mauritius", "iso": "MU", "slug": "mauritius" },
	{ "country": "Mayotte", "iso": "YT", "slug": "mayotte" },
	{ "country": "Mexico", "iso": "MX", "slug": "mexico" },
	{ "country": "Micronesia, Federated States of", "iso": "FM", "slug": "micronesia" },
	{ "country": "Moldova, Republic of", "iso": "MD", "slug": "moldova" },
	{ "country": "Monaco", "iso": "MC", "slug": "monaco" },
	{ "country": "Mongolia", "iso": "MN", "slug": "mongolia" },
	{ "country": "Montenegro", "iso": "ME", "slug": "montenegro" },
	{ "country": "Montserrat", "iso": "MS", "slug": "montserrat" },
	{ "country": "Morocco", "iso": "MA", "slug": "morocco" },
	{ "country": "Mozambique", "iso": "MZ", "slug": "mozambique" },
	{ "country": "Myanmar", "iso": "MM", "slug": "myanmar" },
	{ "country": "Namibia", "iso": "NA", "slug": "namibia" },
	{ "country": "Nauru", "iso": "NR", "slug": "nauru" },
	{ "country": "Nepal", "iso": "NP", "slug": "nepal" },
	{ "country": "Netherlands", "iso": "NL", "slug": "netherlands" },
	{ "country": "Netherlands Antilles", "iso": "AN", "slug": "netherlands-antilles" },
	{ "country": "New Caledonia", "iso": "NC", "slug": "new-caledonia" },
	{ "country": "New Zealand", "iso": "NZ", "slug": "new-zealand" },
	{ "country": "Nicaragua", "iso": "NI", "slug": "nicaragua" },
	{ "country": "Niger", "iso": "NE", "slug": "niger" },
	{ "country": "Nigeria", "iso": "NG", "slug": "nigeria" },
	{ "country": "Niue", "iso": "NU", "slug": "niue" },
	{ "country": "Norfolk Island", "iso": "NF", "slug": "norfolk-island" },
	{ "country": "Northern Mariana Islands", "iso": "MP", "slug": "northern-mariana-islands" },
	{ "country": "Norway", "iso": "NO", "slug": "norway" },
	{ "country": "Oman", "iso": "OM", "slug": "oman" },
	{ "country": "Pakistan", "iso": "PK", "slug": "pakistan" },
	{ "country": "Palau", "iso": "PW", "slug": "palau" },
	{ "country": "Palestinian Territory, Occupied", "iso": "PS", "slug": "palestinian-territory" },
	{ "country": "Panama", "iso": "PA", "slug": "panama" },
	{ "country": "Papua New Guinea", "iso": "PG", "slug": "papua-new-guinea" },
	{ "country": "Paraguay", "iso": "PY", "slug": "paraguay" },
	{ "country": "Peru", "iso": "PE", "slug": "peru" },
	{ "country": "Philippines", "iso": "PH", "slug": "philippines" },
	{ "country": "Pitcairn", "iso": "PN", "slug": "pitcairn" },
	{ "country": "Poland", "iso": "PL", "slug": "poland" },
	{ "country": "Portugal", "iso": "PT", "slug": "portugal" },
	{ "country": "Puerto Rico", "iso": "PR", "slug": "puerto-rico" },
	{ "country": "Qatar", "iso": "QA", "slug": "qatar" },
	{ "country": "Reunion", "iso": "RE", "slug": "reunion" },
	{ "country": "Romania", "iso": "RO", "slug": "romania" },
	{ "country": "Russian Federation", "iso": "RU", "slug": "russia" },
	{ "country": "Rwanda", "iso": "RW", "slug": "rwanda" },
	{ "country": "Saint Barthélemy", "iso": "BL", "slug": "saint-barthelemy" },
	{ "country": "Saint Helena", "iso": "SH", "slug": "saint-helena" },
	{ "country": "Saint Kitts and Nevis", "iso": "KN", "slug": "saint-kitts-and-nevis" },
	{ "country": "Saint Lucia", "iso": "LC", "slug": "saint-lucia" },
	{ "country": "Saint Martin", "iso": "MF", "slug": "saint-martin" },
	{ "country": "Saint Pierre and Miquelon", "iso": "PM", "slug": "saint-pierre-and-miquelon" },
	{ "country": "Saint Vincent and the Grenadines", "iso": "VC", "slug": "saint-vincent-and-the-grenadines" },
	{ "country": "Samoa", "iso": "WS", "slug": "samoa" },
	{ "country": "San Marino", "iso": "SM", "slug": "san-marino" },
	{ "country": "Sao Tome and Principe", "iso": "ST", "slug": "sao-tome-and-principe" },
	{ "country": "Saudi Arabia", "iso": "SA", "slug": "saudi-arabia" },
	{ "country": "Senegal", "iso": "SN", "slug": "senegal" },
	{ "country": "Serbia", "iso": "RS", "slug": "serbia" },
	{ "country": "Seychelles", "iso": "SC", "slug": "seychelles" },
	{ "country": "Sierra Leone", "iso": "SL", "slug": "sierra-leone" },
	{ "country": "Singapore", "iso": "SG", "slug": "singapore" },
	{ "country": "Slovakia", "iso": "SK", "slug": "slovakia" },
	{ "country": "Slovenia", "iso": "SI", "slug": "slovenia" },
	{ "country": "Solomon Islands", "iso": "SB", "slug": "solomon-islands" },
	{ "country": "Somalia", "iso": "SO", "slug": "somalia" },
	{ "country": "South Africa", "iso": "ZA", "slug": "south-africa" },
	{ "country": "South Georgia and the South Sandwich Islands", "iso": "GS", "slug": "south-georgia-and-south-sandwich-islands" },
	{ "country": "Spain", "iso": "ES", "slug": "spain" },
	{ "country": "Sri Lanka", "iso": "LK", "slug": "sri-lanka" },
	{ "country": "Sudan", "iso": "SD", "slug": "sudan" },
	{ "country": "Suriname", "iso": "SR", "slug": "suriname" },
	{ "country": "Svalbard and Jan Mayen", "iso": "SJ", "slug": "svalbard-and-jan-mayen" },
	{ "country": "Swaziland", "iso": "SZ", "slug": "swaziland" },
	{ "country": "Sweden", "iso": "SE", "slug": "sweden" },
	{ "country": "Switzerland", "iso": "CH", "slug": "switzerland" },
	{ "country": "Syrian Arab Republic", "iso": "SY", "slug": "Syria" },
	{ "country": "Taiwan, Province of China", "iso": "TW", "slug": "taiwan" },
	{ "country": "Tajikistan", "iso": "TJ", "slug": "tajikistan" },
	{ "country": "Tanzania, United Republic of", "iso": "TZ", "slug": "tanzania" },
	{ "country": "Thailand", "iso": "TH", "slug": "thailand" },
	{ "country": "Timor-Leste", "iso": "TL", "slug": "timor-leste" },
	{ "country": "Togo", "iso": "TG", "slug": "togo" },
	{ "country": "Tokelau", "iso": "TK", "slug": "tokelau" },
	{ "country": "Tonga", "iso": "TO", "slug": "tonga" },
	{ "country": "Trinidad and Tobago", "iso": "TT", "slug": "trinidad-and-tobago" },
	{ "country": "Tunisia", "iso": "TN", "slug": "tunisia" },
	{ "country": "Turkey", "iso": "TR", "slug": "turkey" },
	{ "country": "Turkmenistan", "iso": "TM", "slug": "turkmenistan" },
	{ "country": "Turks and Caicos Islands", "iso": "TC", "slug": "turks-and-caicos-islands" },
	{ "country": "Tuvalu", "iso": "TV", "slug": "tuvalu" },
	{ "country": "Uganda", "iso": "UG", "slug": "uganda" },
	{ "country": "Ukraine", "iso": "UA", "slug": "ukraine" },
	{ "country": "United Arab Emirates", "iso": "AE", "slug": "united-arab-emirates" },
	{ "country": "United Kingdom", "iso": "GB", "slug": "united-kingdom" },
	{ "country": "United States", "iso": "US", "slug": "united-states" },
	{ "country": "United States Minor Outlying Islands", "iso": "UM", "slug": "united-states-minor-outlying-islands" },
	{ "country": "Uruguay", "iso": "UY", "slug": "uruguay" },
	{ "country": "Uzbekistan", "iso": "UZ", "slug": "uzbekistan" },
	{ "country": "Vanuatu", "iso": "VU", "slug": "vanuatu" },
	{ "country": "Venezuela", "iso": "VE", "slug": "venezuela" },
	{ "country": "Viet Nam", "iso": "VN", "slug": "vietnam" },
	{ "country": "Virgin Islands", "iso": "VG", "slug": "virgin-islands" },
	{ "country": "Wallis and Futuna", "iso": "WF", "slug": "wallis-and-futuna" },
	{ "country": "Western Sahara", "iso": "EH", "slug": "western-sahara" },
	{ "country": "Yemen", "iso": "YE", "slug": "yemen" },
	{ "country": "Zambia", "iso": "ZM", "slug": "zambia" },
	{ "country": "Zimbabwe", "iso": "ZW", "slug": "zimbabwe" }
]